{
  "credit": "Made with Blockbench",
  "parent": "paper",
  "texture_size": [
    64,
    64
  ],
  "textures": {
    "10": "item/gold_pp"
  },
  "elements": [
    {
      "from": [
        14,
        0,
        0
      ],
      "to": [
        16,
        2,
        2
      ],
      "faces": {
        "north": {
          "uv": [
            4.25,
            6.5,
            4.75,
            7
          ],
          "texture": "#10"
        },
        "east": {
          "uv": [
            4.75,
            6.5,
            5.25,
            7
          ],
          "texture": "#10"
        },
        "south": {
          "uv": [
            6.5,
            5.25,
            7,
            5.75
          ],
          "texture": "#10"
        },
        "west": {
          "uv": [
            6.5,
            5.75,
            7,
            6.25
          ],
          "texture": "#10"
        },
        "up": {
          "uv": [
            7,
            6.75,
            6.5,
            6.25
          ],
          "texture": "#10"
        },
        "down": {
          "uv": [
            7.25,
            4,
            6.75,
            4.5
          ],
          "texture": "#10"
        }
      }
    },
    {
      "from": [
        0,
        18,
        0
      ],
      "to": [
        2,
        20,
        2
      ],
      "faces": {
        "north": {
          "uv": [
            6.75,
            4.5,
            7.25,
            5
          ],
          "texture": "#10"
        },
        "east": {
          "uv": [
            6.5,
            6.75,
            7,
            7.25
          ],
          "texture": "#10"
        },
        "south": {
          "uv": [
            7,
            0,
            7.5,
            0.5
          ],
          "texture": "#10"
        },
        "west": {
          "uv": [
            7,
            0.5,
            7.5,
            1
          ],
          "texture": "#10"
        },
        "up": {
          "uv": [
            7.5,
            1.5,
            7,
            1
          ],
          "texture": "#10"
        },
        "down": {
          "uv": [
            7.5,
            1.5,
            7,
            2
          ],
          "texture": "#10"
        }
      }
    },
    {
      "from": [
        0,
        2,
        1
      ],
      "to": [
        16,
        18,
        1
      ],
      "faces": {
        "north": {
          "uv": [
            0,
            0,
            4,
            4
          ],
          "texture": "#10"
        },
        "east": {
          "uv": [
            0,
            0,
            0,
            4
          ],
          "texture": "#10"
        },
        "south": {
          "uv": [
            0,
            4,
            4,
            8
          ],
          "texture": "#10"
        },
        "west": {
          "uv": [
            0,
            0,
            0,
            4
          ],
          "texture": "#10"
        },
        "up": {
          "uv": [
            4,
            0,
            0,
            0
          ],
          "texture": "#10"
        },
        "down": {
          "uv": [
            4,
            0,
            0,
            0
          ],
          "texture": "#10"
        }
      }
    },
    {
      "from": [
        14,
        18,
        0
      ],
      "to": [
        16,
        20,
        2
      ],
      "faces": {
        "north": {
          "uv": [
            7,
            2,
            7.5,
            2.5
          ],
          "texture": "#10"
        },
        "east": {
          "uv": [
            7,
            2.5,
            7.5,
            3
          ],
          "texture": "#10"
        },
        "south": {
          "uv": [
            7,
            3,
            7.5,
            3.5
          ],
          "texture": "#10"
        },
        "west": {
          "uv": [
            7,
            3.5,
            7.5,
            4
          ],
          "texture": "#10"
        },
        "up": {
          "uv": [
            4.75,
            7.5,
            4.25,
            7
          ],
          "texture": "#10"
        },
        "down": {
          "uv": [
            5.25,
            7,
            4.75,
            7.5
          ],
          "texture": "#10"
        }
      }
    },
    {
      "from": [
        2,
        0,
        0
      ],
      "to": [
        14,
        2,
        2
      ],
      "faces": {
        "north": {
          "uv": [
            4,
            0,
            7,
            0.5
          ],
          "texture": "#10"
        },
        "east": {
          "uv": [
            7,
            5,
            7.5,
            5.5
          ],
          "texture": "#10"
        },
        "south": {
          "uv": [
            4,
            0.5,
            7,
            1
          ],
          "texture": "#10"
        },
        "west": {
          "uv": [
            7,
            5.5,
            7.5,
            6
          ],
          "texture": "#10"
        },
        "up": {
          "uv": [
            7,
            1.5,
            4,
            1
          ],
          "texture": "#10"
        },
        "down": {
          "uv": [
            7,
            1.5,
            4,
            2
          ],
          "texture": "#10"
        }
      }
    },
    {
      "from": [
        2,
        18,
        0
      ],
      "to": [
        14,
        20,
        2
      ],
      "faces": {
        "north": {
          "uv": [
            4,
            2,
            7,
            2.5
          ],
          "texture": "#10"
        },
        "east": {
          "uv": [
            7,
            6,
            7.5,
            6.5
          ],
          "texture": "#10"
        },
        "south": {
          "uv": [
            4,
            2.5,
            7,
            3
          ],
          "texture": "#10"
        },
        "west": {
          "uv": [
            7,
            6.5,
            7.5,
            7
          ],
          "texture": "#10"
        },
        "up": {
          "uv": [
            7,
            3.5,
            4,
            3
          ],
          "texture": "#10"
        },
        "down": {
          "uv": [
            7,
            3.5,
            4,
            4
          ],
          "texture": "#10"
        }
      }
    },
    {
      "from": [
        0,
        0,
        0
      ],
      "to": [
        2,
        2,
        2
      ],
      "faces": {
        "north": {
          "uv": [
            7,
            7,
            7.5,
            7.5
          ],
          "texture": "#10"
        },
        "east": {
          "uv": [
            7.25,
            4,
            7.75,
            4.5
          ],
          "texture": "#10"
        },
        "south": {
          "uv": [
            7.25,
            4.5,
            7.75,
            5
          ],
          "texture": "#10"
        },
        "west": {
          "uv": [
            5.25,
            7.25,
            5.75,
            7.75
          ],
          "texture": "#10"
        },
        "up": {
          "uv": [
            6.25,
            7.75,
            5.75,
            7.25
          ],
          "texture": "#10"
        },
        "down": {
          "uv": [
            6.75,
            7.25,
            6.25,
            7.75
          ],
          "texture": "#10"
        }
      }
    },
    {
      "from": [
        11,
        10,
        0
      ],
      "to": [
        13,
        15,
        1
      ],
      "faces": {
        "north": {
          "uv": [
            4,
            4,
            4.5,
            5.25
          ],
          "texture": "#10"
        },
        "east": {
          "uv": [
            5.5,
            6,
            5.75,
            7.25
          ],
          "texture": "#10"
        },
        "south": {
          "uv": [
            4.5,
            4,
            5,
            5.25
          ],
          "texture": "#10"
        },
        "west": {
          "uv": [
            5.75,
            6,
            6,
            7.25
          ],
          "texture": "#10"
        },
        "up": {
          "uv": [
            8.25,
            7.25,
            7.75,
            7
          ],
          "texture": "#10"
        },
        "down": {
          "uv": [
            8.25,
            7.25,
            7.75,
            7.5
          ],
          "texture": "#10"
        }
      }
    },
    {
      "from": [
        10,
        14,
        0
      ],
      "to": [
        11,
        15,
        1
      ],
      "faces": {
        "north": {
          "uv": [
            6.75,
            5,
            7,
            5.25
          ],
          "texture": "#10"
        },
        "east": {
          "uv": [
            4,
            7.75,
            4.25,
            8
          ],
          "texture": "#10"
        },
        "south": {
          "uv": [
            7,
            8,
            7.25,
            8.25
          ],
          "texture": "#10"
        },
        "west": {
          "uv": [
            7.25,
            8,
            7.5,
            8.25
          ],
          "texture": "#10"
        },
        "up": {
          "uv": [
            7.75,
            8.25,
            7.5,
            8
          ],
          "texture": "#10"
        },
        "down": {
          "uv": [
            8,
            8,
            7.75,
            8.25
          ],
          "texture": "#10"
        }
      }
    },
    {
      "from": [
        10,
        12,
        0
      ],
      "to": [
        11,
        13,
        1
      ],
      "faces": {
        "north": {
          "uv": [
            8,
            8,
            8.25,
            8.25
          ],
          "texture": "#10"
        },
        "east": {
          "uv": [
            0,
            8.25,
            0.25,
            8.5
          ],
          "texture": "#10"
        },
        "south": {
          "uv": [
            0.25,
            8.25,
            0.5,
            8.5
          ],
          "texture": "#10"
        },
        "west": {
          "uv": [
            0.5,
            8.25,
            0.75,
            8.5
          ],
          "texture": "#10"
        },
        "up": {
          "uv": [
            1,
            8.5,
            0.75,
            8.25
          ],
          "texture": "#10"
        },
        "down": {
          "uv": [
            1.25,
            8.25,
            1,
            8.5
          ],
          "texture": "#10"
        }
      }
    },
    {
      "from": [
        9,
        12,
        0
      ],
      "to": [
        10,
        15,
        1
      ],
      "faces": {
        "north": {
          "uv": [
            5.25,
            6.5,
            5.5,
            7.25
          ],
          "texture": "#10"
        },
        "east": {
          "uv": [
            6.75,
            7.25,
            7,
            8
          ],
          "texture": "#10"
        },
        "south": {
          "uv": [
            7.5,
            6,
            7.75,
            6.75
          ],
          "texture": "#10"
        },
        "west": {
          "uv": [
            7.5,
            6.75,
            7.75,
            7.5
          ],
          "texture": "#10"
        },
        "up": {
          "uv": [
            1.5,
            8.5,
            1.25,
            8.25
          ],
          "texture": "#10"
        },
        "down": {
          "uv": [
            1.75,
            8.25,
            1.5,
            8.5
          ],
          "texture": "#10"
        }
      }
    },
    {
      "from": [
        3,
        10,
        0
      ],
      "to": [
        5,
        11,
        1
      ],
      "faces": {
        "north": {
          "uv": [
            7.75,
            7.5,
            8.25,
            7.75
          ],
          "texture": "#10"
        },
        "east": {
          "uv": [
            1.75,
            8.25,
            2,
            8.5
          ],
          "texture": "#10"
        },
        "south": {
          "uv": [
            7.75,
            7.75,
            8.25,
            8
          ],
          "texture": "#10"
        },
        "west": {
          "uv": [
            2,
            8.25,
            2.25,
            8.5
          ],
          "texture": "#10"
        },
        "up": {
          "uv": [
            0.5,
            8.25,
            0,
            8
          ],
          "texture": "#10"
        },
        "down": {
          "uv": [
            1,
            8,
            0.5,
            8.25
          ],
          "texture": "#10"
        }
      }
    },
    {
      "from": [
        3,
        14,
        0
      ],
      "to": [
        5,
        15,
        1
      ],
      "faces": {
        "north": {
          "uv": [
            1,
            8,
            1.5,
            8.25
          ],
          "texture": "#10"
        },
        "east": {
          "uv": [
            2.25,
            8.25,
            2.5,
            8.5
          ],
          "texture": "#10"
        },
        "south": {
          "uv": [
            1.5,
            8,
            2,
            8.25
          ],
          "texture": "#10"
        },
        "west": {
          "uv": [
            2.5,
            8.25,
            2.75,
            8.5
          ],
          "texture": "#10"
        },
        "up": {
          "uv": [
            2.5,
            8.25,
            2,
            8
          ],
          "texture": "#10"
        },
        "down": {
          "uv": [
            3,
            8,
            2.5,
            8.25
          ],
          "texture": "#10"
        }
      }
    },
    {
      "from": [
        5,
        10,
        0
      ],
      "to": [
        7,
        15,
        1
      ],
      "faces": {
        "north": {
          "uv": [
            5,
            4,
            5.5,
            5.25
          ],
          "texture": "#10"
        },
        "east": {
          "uv": [
            6,
            6,
            6.25,
            7.25
          ],
          "texture": "#10"
        },
        "south": {
          "uv": [
            4,
            5.25,
            4.5,
            6.5
          ],
          "texture": "#10"
        },
        "west": {
          "uv": [
            6.25,
            6,
            6.5,
            7.25
          ],
          "texture": "#10"
        },
        "up": {
          "uv": [
            3.5,
            8.25,
            3,
            8
          ],
          "texture": "#10"
        },
        "down": {
          "uv": [
            8.5,
            3,
            8,
            3.25
          ],
          "texture": "#10"
        }
      }
    },
    {
      "from": [
        10,
        8,
        0
      ],
      "to": [
        14,
        9,
        1
      ],
      "faces": {
        "north": {
          "uv": [
            7.5,
            0,
            8.5,
            0.25
          ],
          "texture": "#10"
        },
        "east": {
          "uv": [
            2.75,
            8.25,
            3,
            8.5
          ],
          "texture": "#10"
        },
        "south": {
          "uv": [
            7.5,
            0.25,
            8.5,
            0.5
          ],
          "texture": "#10"
        },
        "west": {
          "uv": [
            3,
            8.25,
            3.25,
            8.5
          ],
          "texture": "#10"
        },
        "up": {
          "uv": [
            8.5,
            0.75,
            7.5,
            0.5
          ],
          "texture": "#10"
        },
        "down": {
          "uv": [
            8.5,
            0.75,
            7.5,
            1
          ],
          "texture": "#10"
        }
      }
    },
    {
      "from": [
        6,
        8,
        0
      ],
      "to": [
        9,
        9,
        1
      ],
      "faces": {
        "north": {
          "uv": [
            7,
            7.5,
            7.75,
            7.75
          ],
          "texture": "#10"
        },
        "east": {
          "uv": [
            3.25,
            8.25,
            3.5,
            8.5
          ],
          "texture": "#10"
        },
        "south": {
          "uv": [
            7.75,
            4,
            8.5,
            4.25
          ],
          "texture": "#10"
        },
        "west": {
          "uv": [
            3.5,
            8.25,
            3.75,
            8.5
          ],
          "texture": "#10"
        },
        "up": {
          "uv": [
            8.5,
            4.5,
            7.75,
            4.25
          ],
          "texture": "#10"
        },
        "down": {
          "uv": [
            8.5,
            4.5,
            7.75,
            4.75
          ],
          "texture": "#10"
        }
      }
    },
    {
      "from": [
        2,
        8,
        0
      ],
      "to": [
        5,
        9,
        1
      ],
      "faces": {
        "north": {
          "uv": [
            7.75,
            4.75,
            8.5,
            5
          ],
          "texture": "#10"
        },
        "east": {
          "uv": [
            3.75,
            8.25,
            4,
            8.5
          ],
          "texture": "#10"
        },
        "south": {
          "uv": [
            5.25,
            7.75,
            6,
            8
          ],
          "texture": "#10"
        },
        "west": {
          "uv": [
            4,
            8.25,
            4.25,
            8.5
          ],
          "texture": "#10"
        },
        "up": {
          "uv": [
            6.75,
            8,
            6,
            7.75
          ],
          "texture": "#10"
        },
        "down": {
          "uv": [
            8.5,
            6,
            7.75,
            6.25
          ],
          "texture": "#10"
        }
      }
    },
    {
      "from": [
        12,
        6,
        0
      ],
      "to": [
        13,
        7,
        1
      ],
      "faces": {
        "north": {
          "uv": [
            4.25,
            8.25,
            4.5,
            8.5
          ],
          "texture": "#10"
        },
        "east": {
          "uv": [
            4.5,
            8.25,
            4.75,
            8.5
          ],
          "texture": "#10"
        },
        "south": {
          "uv": [
            4.75,
            8.25,
            5,
            8.5
          ],
          "texture": "#10"
        },
        "west": {
          "uv": [
            5,
            8.25,
            5.25,
            8.5
          ],
          "texture": "#10"
        },
        "up": {
          "uv": [
            5.5,
            8.5,
            5.25,
            8.25
          ],
          "texture": "#10"
        },
        "down": {
          "uv": [
            5.75,
            8.25,
            5.5,
            8.5
          ],
          "texture": "#10"
        }
      }
    },
    {
      "from": [
        7,
        6,
        0
      ],
      "to": [
        11,
        7,
        1
      ],
      "faces": {
        "north": {
          "uv": [
            7.5,
            1,
            8.5,
            1.25
          ],
          "texture": "#10"
        },
        "east": {
          "uv": [
            5.75,
            8.25,
            6,
            8.5
          ],
          "texture": "#10"
        },
        "south": {
          "uv": [
            7.5,
            1.25,
            8.5,
            1.5
          ],
          "texture": "#10"
        },
        "west": {
          "uv": [
            6,
            8.25,
            6.25,
            8.5
          ],
          "texture": "#10"
        },
        "up": {
          "uv": [
            8.5,
            1.75,
            7.5,
            1.5
          ],
          "texture": "#10"
        },
        "down": {
          "uv": [
            8.5,
            1.75,
            7.5,
            2
          ],
          "texture": "#10"
        }
      }
    },
    {
      "from": [
        3,
        6,
        0
      ],
      "to": [
        6,
        7,
        1
      ],
      "faces": {
        "north": {
          "uv": [
            7.75,
            6.25,
            8.5,
            6.5
          ],
          "texture": "#10"
        },
        "east": {
          "uv": [
            6.25,
            8.25,
            6.5,
            8.5
          ],
          "texture": "#10"
        },
        "south": {
          "uv": [
            7.75,
            6.5,
            8.5,
            6.75
          ],
          "texture": "#10"
        },
        "west": {
          "uv": [
            6.5,
            8.25,
            6.75,
            8.5
          ],
          "texture": "#10"
        },
        "up": {
          "uv": [
            8.5,
            7,
            7.75,
            6.75
          ],
          "texture": "#10"
        },
        "down": {
          "uv": [
            7.75,
            7.75,
            7,
            8
          ],
          "texture": "#10"
        }
      }
    },
    {
      "from": [
        5,
        4,
        0
      ],
      "to": [
        7,
        5,
        1
      ],
      "faces": {
        "north": {
          "uv": [
            8,
            3.25,
            8.5,
            3.5
          ],
          "texture": "#10"
        },
        "east": {
          "uv": [
            6.75,
            8.25,
            7,
            8.5
          ],
          "texture": "#10"
        },
        "south": {
          "uv": [
            3.5,
            8,
            4,
            8.25
          ],
          "texture": "#10"
        },
        "west": {
          "uv": [
            7,
            8.25,
            7.25,
            8.5
          ],
          "texture": "#10"
        },
        "up": {
          "uv": [
            8.5,
            3.75,
            8,
            3.5
          ],
          "texture": "#10"
        },
        "down": {
          "uv": [
            8.5,
            3.75,
            8,
            4
          ],
          "texture": "#10"
        }
      }
    },
    {
      "from": [
        8,
        4,
        0
      ],
      "to": [
        12,
        5,
        1
      ],
      "faces": {
        "north": {
          "uv": [
            7.5,
            2,
            8.5,
            2.25
          ],
          "texture": "#10"
        },
        "east": {
          "uv": [
            8.25,
            7,
            8.5,
            7.25
          ],
          "texture": "#10"
        },
        "south": {
          "uv": [
            7.5,
            2.25,
            8.5,
            2.5
          ],
          "texture": "#10"
        },
        "west": {
          "uv": [
            7.25,
            8.25,
            7.5,
            8.5
          ],
          "texture": "#10"
        },
        "up": {
          "uv": [
            8.5,
            2.75,
            7.5,
            2.5
          ],
          "texture": "#10"
        },
        "down": {
          "uv": [
            8.5,
            2.75,
            7.5,
            3
          ],
          "texture": "#10"
        }
      }
    },
    {
      "from": [
        1,
        2,
        -1
      ],
      "to": [
        5,
        4,
        1
      ],
      "faces": {
        "north": {
          "uv": [
            5.5,
            4,
            6.5,
            4.5
          ],
          "texture": "#10"
        },
        "east": {
          "uv": [
            7.5,
            3,
            8,
            3.5
          ],
          "texture": "#10"
        },
        "south": {
          "uv": [
            5.5,
            4.5,
            6.5,
            5
          ],
          "texture": "#10"
        },
        "west": {
          "uv": [
            7.5,
            3.5,
            8,
            4
          ],
          "texture": "#10"
        },
        "up": {
          "uv": [
            6.5,
            5.5,
            5.5,
            5
          ],
          "texture": "#10"
        },
        "down": {
          "uv": [
            6.5,
            5.5,
            5.5,
            6
          ],
          "texture": "#10"
        }
      }
    },
    {
      "from": [
        2,
        4,
        -1
      ],
      "to": [
        4,
        5,
        1
      ],
      "faces": {
        "north": {
          "uv": [
            4,
            8,
            4.5,
            8.25
          ],
          "texture": "#10"
        },
        "east": {
          "uv": [
            4.5,
            8,
            5,
            8.25
          ],
          "texture": "#10"
        },
        "south": {
          "uv": [
            5,
            8,
            5.5,
            8.25
          ],
          "texture": "#10"
        },
        "west": {
          "uv": [
            8,
            5,
            8.5,
            5.25
          ],
          "texture": "#10"
        },
        "up": {
          "uv": [
            4.75,
            8,
            4.25,
            7.5
          ],
          "texture": "#10"
        },
        "down": {
          "uv": [
            5.25,
            7.5,
            4.75,
            8
          ],
          "texture": "#10"
        }
      }
    },
    {
      "from": [
        2,
        1,
        -1
      ],
      "to": [
        4,
        2,
        1
      ],
      "faces": {
        "north": {
          "uv": [
            8,
            5.25,
            8.5,
            5.5
          ],
          "texture": "#10"
        },
        "east": {
          "uv": [
            5.5,
            8,
            6,
            8.25
          ],
          "texture": "#10"
        },
        "south": {
          "uv": [
            8,
            5.5,
            8.5,
            5.75
          ],
          "texture": "#10"
        },
        "west": {
          "uv": [
            8,
            5.75,
            8.5,
            6
          ],
          "texture": "#10"
        },
        "up": {
          "uv": [
            8,
            5.5,
            7.5,
            5
          ],
          "texture": "#10"
        },
        "down": {
          "uv": [
            8,
            5.5,
            7.5,
            6
          ],
          "texture": "#10"
        }
      }
    },
    {
      "from": [
        2,
        -4,
        -0.5
      ],
      "to": [
        4,
        1,
        -0.25
      ],
      "faces": {
        "north": {
          "uv": [
            4.5,
            5.25,
            5,
            6.5
          ],
          "texture": "#10"
        },
        "east": {
          "uv": [
            4,
            6.5,
            4.25,
            7.75
          ],
          "texture": "#10"
        },
        "south": {
          "uv": [
            5,
            5.25,
            5.5,
            6.5
          ],
          "texture": "#10"
        },
        "west": {
          "uv": [
            6.5,
            4,
            6.75,
            5.25
          ],
          "texture": "#10"
        },
        "up": {
          "uv": [
            6.5,
            8.25,
            6,
            8
          ],
          "texture": "#10"
        },
        "down": {
          "uv": [
            7,
            8,
            6.5,
            8.25
          ],
          "texture": "#10"
        }
      }
    },
    {
      "from": [
        2,
        -5,
        -0.5
      ],
      "to": [
        3,
        -4,
        -0.25
      ],
      "faces": {
        "north": {
          "uv": [
            8.25,
            7.25,
            8.5,
            7.5
          ],
          "texture": "#10"
        },
        "east": {
          "uv": [
            7.5,
            8.25,
            7.75,
            8.5
          ],
          "texture": "#10"
        },
        "south": {
          "uv": [
            8.25,
            7.5,
            8.5,
            7.75
          ],
          "texture": "#10"
        },
        "west": {
          "uv": [
            7.75,
            8.25,
            8,
            8.5
          ],
          "texture": "#10"
        },
        "up": {
          "uv": [
            8.5,
            8,
            8.25,
            7.75
          ],
          "texture": "#10"
        },
        "down": {
          "uv": [
            8.25,
            8.25,
            8,
            8.5
          ],
          "texture": "#10"
        }
      }
    }
  ],
  "display": {
    "thirdperson_righthand": {
      "rotation": [
        70,
        0,
        0
      ],
      "translation": [
        -0.5,
        -8.75,
        -5.5
      ],
      "scale": [
        0.75,
        0.75,
        0.75
      ]
    },
    "thirdperson_lefthand": {
      "rotation": [
        70,
        0,
        0
      ],
      "translation": [
        -0.5,
        -8.76,
        -5.5
      ],
      "scale": [
        0.75,
        0.75,
        0.75
      ]
    },
    "firstperson_righthand": {
      "rotation": [
        0,
        5,
        0
      ],
      "translation": [
        4.25,
        -2,
        1.25
      ]
    },
    "firstperson_lefthand": {
      "rotation": [
        0,
        5,
        0
      ],
      "translation": [
        4.25,
        -2,
        1.25
      ]
    },
    "ground": {
      "translation": [
        0,
        4.5,
        0
      ]
    },
    "fixed": {
      "translation": [
        0,
        -2.25,
        6.75
      ]
    }
  }
}