{
    "model": {
        "type": "select",
        "property": "custom_model_data",
        "fallback": {
            "type": "model",
            "model": "item/paper"
        },
        "cases": [
            {
                "when": "iron",
                "model": {
                    "type": "model",
                    "model": "item/iron"
                }
            },
            {
                "when": "gold",
                "model": {
                    "type": "model",
                    "model": "item/gold"
                }
            },
            {
                "when": "diamond",
                "model": {
                    "type": "model",
                    "model": "item/diamond"
                }
            }
        ]
    }
}