{
	"credit": "Made with Blockbench",
	"texture_size": [64, 64],
	"gui_light": "front",
	"textures": {
		"2": "item/goldpermit",
		"particle": "item/goldpermit"
	},
	"elements": [
		{
			"name": "Handle Top",
			"from": [-3, 27, 6],
			"to": [19, 31, 10],
			"faces": {
				"north": {"uv": [0, 6, 5.5, 7], "texture": "#2"},
				"east": {"uv": [3, 10, 4, 11], "texture": "#2"},
				"south": {"uv": [5.5, 6, 11, 7], "texture": "#2"},
				"west": {"uv": [4, 10, 5, 11], "texture": "#2"},
				"up": {"uv": [5.5, 8, 0, 7], "texture": "#2"},
				"down": {"uv": [11, 7, 5.5, 8], "texture": "#2"}
			}
		},
		{
			"name": "Paper",
			"from": [-2, 4, 8],
			"to": [18, 27, 8],
			"faces": {
				"north": {"uv": [0, 0, 5, 6], "texture": "#2"},
				"east": {"uv": [0, 0, 0, 5.75], "texture": "#2"},
				"south": {"uv": [5, 0, 10, 6], "texture": "#2"},
				"west": {"uv": [0, 0, 0, 5.75], "texture": "#2"},
				"up": {"uv": [5, 0, 0, 0], "texture": "#2"},
				"down": {"uv": [5, 0, 0, 0], "texture": "#2"}
			}
		},
		{
			"name": "Handle Bottom",
			"from": [-3, 0, 6],
			"to": [19, 4, 10],
			"faces": {
				"north": {"uv": [0, 8, 5.5, 9], "texture": "#2"},
				"east": {"uv": [5, 10, 6, 11], "texture": "#2"},
				"south": {"uv": [5.5, 8, 11, 9], "texture": "#2"},
				"west": {"uv": [6, 10, 7, 11], "texture": "#2"},
				"up": {"uv": [5.5, 10, 0, 9], "texture": "#2"},
				"down": {"uv": [11, 9, 5.5, 10], "texture": "#2"}
			}
		},
		{
			"name": "Ribbon Part 1",
			"from": [6, 5.911, 6],
			"to": [8, 9.75, 7.99],
			"rotation": {"angle": 0, "axis": "y", "origin": [0, 2, 1]},
			"faces": {
				"north": {"uv": [8, 10, 8.5, 11], "texture": "#2"},
				"east": {"uv": [8.5, 10, 9.5, 11], "texture": "#2"},
				"south": {"uv": [3.5, 11, 4, 12], "texture": "#2"},
				"west": {"uv": [10, 0, 10.5, 1], "texture": "#2"},
				"up": {"uv": [10.5, 3, 10, 2.5], "texture": "#2"},
				"down": {"uv": [10.5, 3, 10, 3.5], "texture": "#2"}
			}
		},
		{
			"name": "Ribbon Part 2",
			"from": [2, 4, 6],
			"to": [6, 11.67, 7.99],
			"faces": {
				"north": {"uv": [1, 10, 2, 12], "texture": "#2"},
				"east": {"uv": [7, 10, 7.5, 12], "texture": "#2"},
				"south": {"uv": [2, 10, 3, 12], "texture": "#2"},
				"west": {"uv": [7.5, 10, 8, 12], "texture": "#2"},
				"up": {"uv": [11, 2, 10, 1], "texture": "#2"},
				"down": {"uv": [11, 2, 10, 2.5], "texture": "#2"}
			}
		},
		{
			"name": "Ribbon Part 3",
			"from": [0, 5.911, 6],
			"to": [2, 9.75, 7.99],
			"rotation": {"angle": 0, "axis": "y", "origin": [-1, 11, 10]},
			"faces": {
				"north": {"uv": [10, 4.5, 10.5, 5.5], "texture": "#2"},
				"east": {"uv": [10.5, 0, 11, 1], "texture": "#2"},
				"south": {"uv": [3, 11, 3.5, 12], "texture": "#2"},
				"west": {"uv": [10, 3.5, 11, 4.5], "texture": "#2"},
				"up": {"uv": [11, 3, 10.5, 2.5], "texture": "#2"},
				"down": {"uv": [11, 3, 10.5, 3.5], "texture": "#2"}
			}
		},
		{
			"name": "Ribbon Part 4",
			"from": [2, -5, 5.99],
			"to": [6, 4, 5.99],
			"faces": {
				"north": {"uv": [0, 10, 1, 12.25], "texture": "#2"},
				"east": {"uv": [0, 0, 0, 2.25], "texture": "#2"},
				"west": {"uv": [0, 0, 0, 2.25], "texture": "#2"},
				"up": {"uv": [1, 0, 0, 0], "texture": "#2"},
				"down": {"uv": [1, 0, 0, 0], "texture": "#2"}
			}
		}
	],
	"display": {
		"thirdperson_righthand": {
			"rotation": [67, 0, 0],
			"translation": [0, -4.75, -7],
			"scale": [0.385, 0.385, 0.385]
		},
		"thirdperson_lefthand": {
			"rotation": [67, 0, 0],
			"translation": [0, -4.75, -7],
			"scale": [0.385, 0.385, 0.385]
		},
		"firstperson_righthand": {
			"rotation": [180, 32.5, 180],
			"translation": [0.25, 0, 0],
			"scale": [0.6, 0.6, 0.6]
		},
		"firstperson_lefthand": {
			"rotation": [180, 32.5, 180],
			"translation": [0.25, 0, 0],
			"scale": [0.6, 0.6, 0.6]
		},
		"ground": {
			"translation": [0, 5.35, 0],
			"scale": [0.6, 0.6, 0.6]
		},
		"gui": {
			"rotation": [-178.13, 28.95, -173.3],
			"translation": [0, -4, 0],
			"scale": [0.52, 0.52, 0.52]
		},
		"fixed": {
			"translation": [0, -9.25, -0.4],
			"scale": [1.2, 1.25, 1.2]
		}
	},
	"groups": [
		{
			"name": "Gold Permit",
			"origin": [8, 8, 8],
			"color": 0,
			"children": [0, 1, 2, 3, 4, 5, 6]
		}
	]
}